title,price,url,description,specs
26 Inch Fat Bicycle 21-Speed Front Suspension Disc Brakes Gravel Bike  New,Â£399.99,https://www.ebay.co.uk/itm/235900367150,"eBay Fat Tire Mountain Bike - Rugged Performance with Modern Style Take on any terrain with confidence and style with this high-performance fat tire mountain bike. Designed for both adventure seekers and casual riders, this bike combines durability, comfort, and advanced technology for an unbeatable riding experience. Key Features : 1. Extra-Wide Fat Tires -Â  4-inch wide tires Â provide exceptional stability, traction, and control on sand, snow, mud, or gravel. Ride anywhere with ease and confidence. 2. Advanced Shimano Gear System -Â  Equipped with aÂ  21-speed Shimano drivetrain Â for smooth, precise shifting, ensuring optimal performance on both steep climbs and fast descents. 3. Front Suspension Fork -Â  Enjoy a comfortable and smooth ride with theÂ  front suspension fork , which absorbs shocks and bumps, making it perfect for off-road adventures or city streets. 4. Premium Build Quality -Â  Durable steel/aluminum alloy frame Â ensures long-lasting performance and a lightweight, easy-to-handle design. 5. Ergonomic Design -Â  Features aÂ  comfortable padded saddle Â with stylish red accents and adjustable height to suit riders of all sizes. 6. Disc Brakes for Superior Stopping Power -Â  Front and rearÂ  disc brakes Â provide reliable and powerful stopping power in all weather conditions. 7. Easy to assemble -Â  This off-road bike is 85% assembled and is easy to assemble!Â  8. Age & Height Fit -Â  Perfect for riders agedÂ  12 and up , with an adjustable design to accommodate heights ranging fromÂ  4â€™8â€ to 6â€™2â€ (145 cm to 188 cm).","Condition: New: A brand-new, unused, unopened and undamaged item in original retail packaging (where packaging ...; Wheel Size: 26 in; Bike Type: Fat Bike; Material: Aluminium; Colour: Multicoloured; Brand: Unbranded; Department: Unisex Adults; Custom-Built: No; Brake Type: Disc Brake - Mechanical; Suspension Type: Front; Item Weight: 56 lb; Frame Size: Large"
24-Inch Green Mountain Bicycle Disc Breaks Front Suspension,Â£239.99,https://www.ebay.co.uk/itm/235868878959,"eBay ğŸš´Â  24' Mountain Bike â€“ Built for Everyday Adventures & All-Terrain Riding! Explore the great outdoors with thisÂ  24-inch mountain bike , designed forÂ  daily rides, off-road trails, and urban commutes . Whether you're navigating rocky paths or cruising on pavement, this bike offersÂ  stability, durability, and smooth performance â€”making it the perfect choice for young riders and adventure seekers! Fully assembled  - just put the front wheel in and pedals on so will only require a 15mm spanner to install both of those and turn and tighten the handlebar in place with either hex key or spanner. ğŸÂ  A Perfect Gift for Birthdays, Christmas & Special Occasions! Â Watch their excitement as they unwrap a high-performance mountain bikeâ€”built for fun, freedom, and outdoor adventures! Key Features & Benefits ğŸ›Â  24' All-Terrain Tires Â â€“ Multicolored clincher tires provide superior traction on dirt, gravel, and pavement. ğŸ’ªÂ  Durable Aluminum Alloy Frame Â â€“ Lightweight yet tough for easy maneuverability and long-lasting performance. ğŸš²Â  Front Suspension System Â â€“ Absorbs shocks for a smoother, more comfortable ride. âš™ï¸Â  21-Speed Trigger Shifter Â â€“ Quick and precise gear changes for any riding condition. ğŸ”§Â  Flat Bar Handlebar & Adjustable Seat Â â€“ Ensures a comfortable, customizable fit for every rider. ğŸ›‘Â  Mechanical Disc Brakes Â â€“ Reliable stopping power for safety and control. ğŸ› Â  Includes Kickstand Â â€“ Convenient for easy parking and storage. ğŸ“Â  Size & Rider Suitability âœ”Â  Frame Size : Medium âœ”Â  Recommended Rider Height :Â  4â€™7â€ â€“ 5â€™7â€ (140 cm â€“ 170 cm) âœ”Â  Ideal for : Kids, teens, and smaller adults looking for a fun and capable mountain bike Whether they're tackling new trails or riding through the neighborhood, thisÂ  24-inch mountain bike Â is built to deliverÂ  adventure, excitement, and smooth performance Â with every ride! ğŸš´Â  Order now and get ready for the next great adventure!","Condition: New: A brand-new, unused, unopened and undamaged item in original retail packaging (where packaging ...; Handlebar Type: Flat Bar; Wheel Size: 24 in; Bike Type: Mountain Bike; Material: Aluminium Alloy; Item Length: 165 cm (65 inches); Number of Speeds: 21 Speed; Colour: Multicoloured; Vintage: No; Brand: BlackBike; Department: Unisex Kids; Model Year: 2023; Type: Clincher Tyres; Custom-Built: No; Brake Type: Disc Brake - Mechanical; Item Height: 95 cm (37 inches); Suspension Type: Front; Shifter Style: Trigger Shifter; Features: Adjustable Seat, Kickstand; Gear Change Mechanism: Derailleur Gears; Item Width: 60 cm (24 inches) (including handlebars); Item Weight: 33 lb; Frame Size: 30 cm"
24-Inch RED Mountain Bicycle Disc Breaks Front Suspension,Â£229.99,https://www.ebay.co.uk/itm/236065497986,"eBay ğŸš´Â  24' RED Mountain Bike â€“ Built for Everyday Adventures & All-Terrain Riding! Explore the great outdoors with thisÂ  24-inch mountain bike , designed forÂ  daily rides, off-road trails, and urban commutes . Whether you're navigating rocky paths or cruising on pavement, this bike offersÂ  stability, durability, and smooth performance â€”making it the perfect choice for young riders and adventure seekers! ğŸÂ  A Perfect Gift for Birthdays, Christmas & Special Occasions! Â Watch their excitement as they unwrap a high-performance mountain bikeâ€”built for fun, freedom, and outdoor adventures! Key Features & Benefits ğŸ›Â  24' All-Terrain Tires Â â€“ Multicolored clincher tires provide superior traction on dirt, gravel, and pavement. ğŸš²Â  Front Suspension System Â â€“ Absorbs shocks for a smoother, more comfortable ride. âš™ï¸Â  21-Speed Trigger Shifter Â â€“ Quick and precise gear changes for any riding condition. ğŸ”§Â  Flat Bar Handlebar & Adjustable Seat Â â€“ Ensures a comfortable, customizable fit for every rider. ğŸ›‘Â  Mechanical Disc Brakes Â â€“ Reliable stopping power for safety and control. ğŸ› Â  Includes Kickstand Â â€“ Convenient for easy parking and storage. ğŸ“Â  Size & Rider Suitability âœ”Â  Frame Size : Medium, 12 inches âœ”Â  Recommended Rider Height :Â  4â€™7â€ â€“ 5â€™7â€ (140 cm â€“ 170 cm) âœ”Â  Ideal for : Kids, teens, and smaller adults looking for a fun and capable mountain bike Whether they're tackling new trails or riding through the neighborhood, thisÂ  24-inch mountain bike Â is built to deliverÂ  adventure, excitement, and smooth performance Â with every ride! ğŸš´Â  Order now and get ready for the next great adventure!","Condition: New: A brand-new, unused, unopened and undamaged item in original retail packaging (where packaging ...; Handlebar Type: Flat Bar; Wheel Size: 24 in; Bike Type: Mountain Bike; Item Length: 165 cm (65 inches); Number of Speeds: 21 Speed; Colour: Multicoloured; Vintage: No; Brand: Unbranded; Department: Unisex Kids; Model Year: 2023; Type: Clincher Tyres; Custom-Built: No; Brake Type: Disc Brake - Mechanical; Item Height: 95 cm (37 inches); Suspension Type: Front; Shifter Style: Trigger Shifter; Features: Adjustable Seat, Kickstand; Gear Change Mechanism: Derailleur Gears; Item Width: 60 cm (24 inches) (including handlebars); Item Weight: 42 lb; Frame Size: 30 cm"
Women's Metropolitan Dutch 700c Wheel Red Hybrid City Bike Bicycle,Â£169.99,https://www.ebay.co.uk/itm/235926734971,"eBay Stunning Women's 6-Speed City Bike â€“ Stylish, Comfortable, and Ready to Ride! ğŸš´ Key Features: Elegant Design: Beautiful deep red frame with a glossy finish, perfect for city cruising in style. 6-Speed Shimano Gear System: Effortlessly handle inclines and urban streets with the reliable Shimano RevoShift 6-speed gear system. Comfortable Saddle: Ergonomic leather-look saddle in rich brown, ensuring maximum comfort for long rides. Practical Rear Rack: Sturdy and stylish rear rack for carrying bags, groceries, or accessories with ease. Lightweight & Durable Frame: Designed for smooth rides while ensuring durability for years to come. Safety-Ready: Includes reflectors on the wheels and frame for visibility, plus a stable kickstand for easy parking. Fully assembledÂ  - just put the front wheel in and pedals on so will only require a 15mm spanner to install both of those and turn and tighten the handlebar in place with either hex key or spanner. ğŸŒŸ Additional Details: Condition: Brand new, never used. Perfect for: Daily commutes, casual weekend rides, and eco-friendly transportation. Extras: Equipped with full front and rear fenders to keep you clean and dry, plus a chain guard for added safety. ğŸ“ Dimensions: Frame Size: Medium â€“ fits most riders comfortably. Frame Size: Medium â€“ suitable for riders betweenÂ 5'4' and 5'10'Â (162 cm to 178 cm). Wheel Size:Â 700c wheelsÂ with beige tires for a smooth, stable, and efficient ride. ğŸ The Perfect Gift Idea! Â Looking for an unforgettable gift? This stylish and practical women's bike is a fantastic choice for birthdays, holidays, or any special occasion. Its timeless design and top-notch functionality make it a thoughtful and memorable present for anyone who loves cycling or needs a reliable mode of transportation. ğŸ’¡ Make it yours today and enjoy the perfect combination of elegance, practicality, and comfort. Treat yourself or surprise someone with a gift they'll cherish!","Condition: New: A brand-new, unused, unopened and undamaged item in original retail packaging (where packaging ...; Handlebar Type: Riser Bar; Wheel Size: 700C; Bike Type: City Bike; Material: Steel; MPN: Does Not Apply; Number of Speeds: 6 Speed; Colour: Red; Vintage: No; Brand: Professional; Department: Women; Type: Slicks; Brake Type: V-Brake (Direct/Linear Pull); Suspension Type: No Suspension; Model: Metropolitan; Shifter Style: Grip Shifter; Gear Change Mechanism: Derailleur Gears; Frame Size: 41 cm; EAN: Does not apply"
"21-Speed City Hybrid Bike Mountain Bike Styling, Front Suspension, Disc Breaks",Â£249.99,https://www.ebay.co.uk/itm/235868878955,"eBay ğŸš´Â  26' City Bicycle â€“ Smooth, Stylish & Built for Urban Rides! Get ready to cruise through the city inÂ  style and comfort Â with thisÂ  26-inch urban commuter bike , designed for effortless rides, daily commutes, and weekend adventures. Whether you're navigating busy streets or taking a scenic ride, this city bike offersÂ  stability, durability, and a sleek modern look â€”perfect for urban explorers! Key Features & Benefits ğŸ›Â  26' Smooth-Ride Wheels Â â€“ Perfect size for effortless city cruising. ğŸ’ªÂ  Durable Alloy & Steel Frame Â â€“ Strong yet lightweight for enhanced control. ğŸš²Â  Front Suspension System Â â€“ Absorbs shocks for a smoother, more comfortable ride. ğŸ’ºÂ  Adjustable Seat Â â€“ Customize the height for the perfect fit. ğŸ›£ï¸Â  High-Traction Tires Â â€“ Designed for stability on pavement and urban roads. ğŸ›‘Â  Reliable Braking System Â â€“ Equipped with front and rear brakes for safety. ğŸ”§Â  Easy to Assemble Â â€“ Arrives 85% pre-assembled for quick setup! ğŸ“Â  Size & Rider Suitability âœ”Â  Recommended Height : 5â€™5â€ â€“ 6â€™2â€ (165 cm â€“ 188 cm) âœ”Â  Ideal for Commuters, Students & City Riders ğŸÂ  An Excellent Gift Idea! Â Whether for work, fitness, or leisure, thisÂ  city bike Â is a fantastic choice for those who love smooth, stylish, and efficient rides. ğŸš´Â  Order now and start your urban adventure today!","Condition: New: A brand-new, unused, unopened and undamaged item in original retail packaging (where packaging ...; Handlebar Type: Flat Bar; Wheel Size: 26 in; Bike Type: City Bike; Material: Alloy, Steel; Number of Speeds: 21 Speed; Vintage: No; Colour: Black; Brand: Unbranded; Department: Men; Custom-Built: No; Type: Clincher Tyres; Suspension Type: Front; Shifter Style: Grip Shifter; Features: Adjustable Seat, Kickstand, Reflectors; Gear Change Mechanism: Derailleur Gears; Item Weight: 35 lb; Frame Size: Large"
24-Inch Orange Mountain Bicycle Disc Breaks Front Suspension,Â£249.99,https://www.ebay.co.uk/itm/236048323261,"eBay ğŸš´Â  24' Mountain Bike â€“ Built for Everyday Adventures & All-Terrain Riding! Explore the great outdoors with thisÂ  24-inch mountain bike , designed forÂ  daily rides, off-road trails, and urban commutes . Whether you're navigating rocky paths or cruising on pavement, this bike offersÂ  stability, durability, and smooth performance â€”making it the perfect choice for young riders and adventure seekers! ğŸÂ  A Perfect Gift for Birthdays, Christmas & Special Occasions! Â Watch their excitement as they unwrap a high-performance mountain bikeâ€”built for fun, freedom, and outdoor adventures! Key Features & Benefits ğŸ›Â  24' All-Terrain Tires Â â€“ Multicolored clincher tires provide superior traction on dirt, gravel, and pavement. ğŸ’ªÂ  Durable Aluminum Alloy Frame Â â€“ Lightweight yet tough for easy maneuverability and long-lasting performance. ğŸš²Â  Front Suspension System Â â€“ Absorbs shocks for a smoother, more comfortable ride. âš™ï¸Â  21-Speed Trigger Shifter Â â€“ Quick and precise gear changes for any riding condition. ğŸ”§Â  Flat Bar Handlebar & Adjustable Seat Â â€“ Ensures a comfortable, customizable fit for every rider. ğŸ›‘Â  Mechanical Disc Brakes Â â€“ Reliable stopping power for safety and control. ğŸ› Â  Includes Kickstand Â â€“ Convenient for easy parking and storage. ğŸ“Â  Size & Rider Suitability âœ”Â  Frame Size : Medium âœ”Â  Recommended Rider Height :Â  4â€™7â€ â€“ 5â€™7â€ (140 cm â€“ 170 cm) âœ”Â  Ideal for : Kids, teens, and smaller adults looking for a fun and capable mountain bike Whether they're tackling new trails or riding through the neighborhood, thisÂ  24-inch mountain bike Â is built to deliverÂ  adventure, excitement, and smooth performance Â with every ride! ğŸš´Â  Order now and get ready for the next great adventure!","Condition: New: A brand-new, unused, unopened and undamaged item in original retail packaging (where packaging ...; Handlebar Type: Flat Bar; Wheel Size: 24 in; Bike Type: Mountain Bike; Material: Aluminium Alloy; Item Length: 165 cm (65 inches); Number of Speeds: 21 Speed; Colour: Multicoloured; Vintage: No; Brand: Unbranded; Department: Unisex Kids; Model Year: 2023; Type: Clincher Tyres; Custom-Built: No; Brake Type: Disc Brake - Mechanical; Item Height: 95 cm (37 inches); Suspension Type: Front; Shifter Style: Trigger Shifter; Features: Adjustable Seat, Kickstand; Gear Change Mechanism: Derailleur Gears; Item Width: 60 cm (24 inches) (including handlebars); Item Weight: 33 lb; Frame Size: 30 cm"
7-Speed Urban Commuter Bike 700C Lightweight Frame Orange City Hybrid Bicycle,Â£199.99,https://www.ebay.co.uk/itm/236073358517,"eBay Urban Blaze â€“ GUST 7-Speed City Bike | Black Frame & Orange Tires Turn heads and cruise in style with this sleek GUST city bike, designed for speed, comfort, and pure urban energy. Featuring a lightweight matte black frame combined with bold orange tires, this bike is perfect for city streets, commuting, or casual weekend rides. âœ… Key Features: Frame: Durable, lightweight matte black frame Gears: 7-speed Shimano-style gear system for smooth riding on flats and hills Brakes: Reliable V-brakes (Yinxing) for quick, strong stopping power Wheels: 700C wheels with eye-catching orange slick tires for speed and traction Extras: Kickstand, reflectors for added safety, adjustable seat Style: Sporty urban design with premium looks Whether you're commuting, cruising, or just standing out from the crowd â€” the Urban Blaze is built to deliver performance and style at every turn. ğŸš´â€â™‚ï¸ğŸ’¨","Condition: New: A brand-new, unused, unopened and undamaged item in original retail packaging (where packaging ...; Handlebar Type: Flat Bar; Wheel Size: 700C; Bike Type: City Bike; Material: Aluminium Alloy; Number of Speeds: 7 Speed; Colour: Black; Vintage: No; Brand: BlackBike; Department: Unisex Adults; Type: Clincher Tyres; Custom-Built: No; Brake Type: V-Brake (Direct/Linear Pull); Suspension Type: No Suspension; Shifter Style: Thumb Shifter; Gear Change Mechanism: Derailleur Gears; Frame Size: Large"
"Fat bicycle with 7-Speed Gear System, 24-Inch Wheels, Disc Brakes, Off-Road and",Â£289.00,https://www.ebay.co.uk/itm/236030333992,"eBay ğŸš´Â  24' Fat Tire Mountain Bike â€“ Built for Adventure & All-Terrain Riding! Take on any terrain with confidence using thisÂ  24-inch fat tire mountain bike , designed for rugged trails, urban streets, and everything in between. Featuring aÂ  durable aluminum alloy frame , this bike is lightweight yet strong, ensuring stability and longevity for all your outdoor adventures. The Ultimate Ride for Young Explorers & Adventure Seekers! Key Features & Benefits ğŸ›Â  24' Fat Tires Â â€“ Extra-wide clincher tires provide superior traction and stability on sand, snow, mud, and rocky trails. ğŸ’ªÂ  Durable Aluminum Alloy Frame Â â€“ Lightweight yet tough for easy handling and durability. ğŸš²Â  Front Suspension System Â â€“ Absorbs shocks for a smoother, more comfortable ride. âš™ï¸Â  21-Speed Trigger Shifter Â â€“ Precise and smooth gear changes for any terrain. ğŸ”§Â  Flat Bar Handlebar & Adjustable Seat Â â€“ Ensures a comfortable and ergonomic riding position. ğŸ›‘Â  Mechanical Disc Brakes Â â€“ Powerful stopping power for safety and control in all conditions. ğŸ› Â  Includes Kickstand Â â€“ Convenient for easy parking and storage. ğŸ“Â  Size & Rider Suitability âœ”Â  Recommended Rider Height :Â  4â€™7â€ â€“ 5â€™7â€ (140 cm â€“ 170 cm) ğŸÂ  An Amazing Gift Idea! Â Whether for a birthday, Christmas, or a surprise reward, thisÂ  fat tire mountain bike Â delivers adventure, excitement, and fun with every ride! ğŸš´Â  Order now and start your adventure today!","Condition: New: A brand-new, unused, unopened and undamaged item in original retail packaging (where packaging ...; Brand: Unbranded; Wheel Size: 24 in; Department: Boys; Bike Type: Fat Bike; Brake Type: Disc Brake - Mechanical; Suspension Type: No Suspension; Material: Aluminium Alloy; Number of Speeds: 7 Speed; Colour: Multicoloured"
"FixieBicycle, 700C Wheels, Single Speed, Super Lightweight Aluminum Frame, Black",Â£249.99,https://www.ebay.co.uk/itm/235899489171,"eBay Sleek & Stylish 700C Fixie Bike â€“ The Perfect Gift for Urban Riders! Upgrade your ride with thisÂ  lightweight and modern 700C Fixie Bicycle , designed forÂ  speed, style, and performance . Whether you're a seasoned fixed-gear rider or new to the scene, thisÂ  single-speed urban commuter bike is built for effortless cycling. âœ”Â  Ideal for daily commutes, city riding, or weekend adventures! Key Features & Benefits Ultra-Light Aluminium Alloy Frame Â â€“ Easy to maneuver, durable, and sleek 700C Wheels & High-Performance Tyres Â â€“ Designed for smooth, efficient riding Single Speed / Fixed Gear Â â€“ Low maintenance & ultimate control Drop Bar Handlebars Â â€“ Enhances aerodynamics & handling Coaster Brake Â â€“ Simple, reliable braking for a smooth stop No Suspension Â â€“ Optimized for road performance and city commuting Modern 2023 Design Â â€“ A stylish, minimalist aesthetic that stands out ğŸ“ Size & Rider Suitability âœ”Â  Recommended for riders 5â€™4â€ â€“ 6â€™2â€ (162cm - 188cm) âœ”Â  Perfect for urban cyclists, commuters, and fixie lovers ğŸÂ  Looking for the perfect gift? Â Whether for aÂ  birthday, Christmas, or a special occasion , thisÂ  stylish and reliable fixie bike Â is a fantastic choice!","Condition: New: A brand-new, unused, unopened and undamaged item in original retail packaging (where packaging ...; Handlebar Type: Drop Bar; Wheel Size: 700C; Bike Type: Single Speed/Fixed Gear; Material: Aluminium Alloy; Number of Speeds: 1 Speed; Colour: Black; Brand: Unbranded; Department: Unisex Adults; Model Year: 2023; Brake Type: Coaster Brake; Suspension Type: No Suspension; Features: Lightweight; Gear Change Mechanism: None; Frame Size: 58 cm"
20 inch Folding Bike  7-Speed Shimano Gears Lightweight Portable,Â£169.99,https://www.ebay.co.uk/itm/236074891138,"eBay Folding Bike X5 - 20' Wheels - 7-Speed Shimano Gears - Lightweight Aluminium Frame Looking for a compact, reliable, and stylish folding bike? The X5 Folding Bike is the perfect choice for urban commuters, travelers, and anyone who needs a versatile bike that can easily fit into small spaces. Key Features: Frame Material: Â Durable and lightweight aluminium alloy Wheel Size: Â 20-inch wheels for a smooth and stable ride Gears: Â 7-speed Shimano system for easy and precise gear changes Brakes: Â Reliable V-brakes for strong stopping power Colour: Â Sleek black finish Handlebar: Â Comfortable flat bar for relaxed riding Folding Mechanism: Â Quick and secure folding system, easy to transport and store Department: Â Unisex Adults Suspension: Â No suspension â€“ lighter weight for easy carrying Kickstand: Â Built-in stand for convenient parking Perfect for commuting to work, quick trips around town, or taking on holiday adventures. Lightweight but tough, the X5 Folding Bike ensures comfort, portability, and great performance wherever you ride. Condition: Â Brand New Get yours today and enjoy the freedom of easy and efficient travel!","Condition: New: A brand-new, unused, unopened and undamaged item in original retail packaging (where packaging ...; Handlebar Type: Flat Bar; Wheel Size: 20 in; Bike Type: Folding Bike; Material: Aluminium Alloy; Number of Speeds: 7 Speed; Colour: Black; Brand: BlackBike; Department: Unisex Adults; Brake Type: V-Brake (Direct/Linear Pull); Suspension Type: No Suspension; Shifter Style: Thumb Shifter; Features: Lightweight; Gear Change Mechanism: Derailleur Gears"
"21-Speed City Hybrid Bike Bike, Front Suspension, Midnight Blue, Disc Breaks",Â£239.99,https://www.ebay.co.uk/itm/236073394924,"eBay Experience the perfect ride with this stylish and versatile 21-speed mountain bike! Designed with a lightweight yet durable aluminum frame, front suspension fork, and Shimano Tourney TZ gearing, this bike is built for comfort and performance on city streets, gravel paths, and light trails. The metallic midnight blue frame with bright orange accents gives it a bold, modern look, while the V-brakes offer reliable stopping power. Key features include a front suspension fork for a smoother ride, flat handlebars for superior control, and an adjustable seat for maximum comfort. Ideal for daily commuting, weekend adventures, or fitness rides, this bike combines performance, durability, and eye-catching design. Ready to ride â€” just adjust the saddle and hit the road! âœ… 21-Speed Shimano Gear System âœ… Lightweight Aluminum Frame âœ… Front Suspension for Smooth Rides âœ… V-Brakes for Reliable Stopping Power âœ… Modern Design with Reflective Wheel Accents âœ… Perfect for City, Gravel, and Light Off-Road Trails Donâ€™t miss the chance to own a versatile, great-looking bike thatâ€™s built to perform!","Condition: New: A brand-new, unused, unopened and undamaged item in original retail packaging (where packaging ...; Brand: BlackBike; Handlebar Type: Flat Bar; Wheel Size: 700C; Department: Unisex Adults; Bike Type: Hybrid Bike; Suspension Type: Front; Shifter Style: Thumb Shifter; Material: Aluminium Alloy; Number of Speeds: 21 Speed; Gear Change Mechanism: Derailleur Gears; Colour: Blue; Frame Size: Large"
BMX  Bicycle Freestyle Frame Durable Design Stunt Pegs Included 20-Inch wheels,Â£195.00,https://www.ebay.co.uk/itm/235868878950,"eBay ğŸš´ 20' BMX Freestyle Bike â€“ Perfect for Stunts & Tricks!Â  Get ready to ride inÂ  style and confidence Â with thisÂ  high-performance 20' BMX bike , designed forÂ  freestyle tricks, urban riding, and smooth cruising . Whether you're a beginner or an experienced rider, this BMX offersÂ  strength, durability, and endless fun! ğŸÂ  A Perfect Gift for Birthdays, Christmas & Special Occasions! Â Watch their face light up as they unwrap aÂ  sleek, stunt-ready BMX â€”theÂ  ultimate ride for adventure seekers! Key Features & BenefitsÂ  ğŸ› Stunt Pegs Included Â â€“ Perfect for grinds & freestyle tricks!Â  ğŸ’ª Durable Freestyle BMX Frame Â â€“ Lightweight yet tough steel frame for stability & control. ğŸš² 360Â° Handlebar Rotation Â â€“ Perform epic bar spins & tricks with ease! ğŸ’º Stylish & Comfortable Saddle Â â€“ Padded seat with green accents for extra comfort. ğŸ›£ï¸ 20-Inch High-Traction Tires Â â€“ Built for smooth rides on pavement, skateparks, and dirt tracks. ğŸ›‘ Front & Rear V-Brakes Â â€“ Responsive braking for safety & control. ğŸ”§ Easy to Assemble Â â€“ 85% pre-assembled for a hassle-free setup! ğŸ“ Size & Rider Suitability âœ”Â  Recommended for riders 10+ years old âœ”Â  Ideal for heights 135cm - 165cm (4â€™5â€ â€“ 5â€™5â€) ğŸÂ  An Amazing Gift Idea! Â Whether for aÂ  birthday, Christmas, or a surprise reward , this BMX bike deliversÂ  thrills, excitement, and adventure Â with every ride!","Condition: New: A brand-new, unused, unopened and undamaged item in original retail packaging (where packaging ...; Handlebar Type: BMX Bar; Wheel Size: 20 in; Bike Type: BMX Bike; Material: Aluminium; Number of Speeds: 1 Speed; Colour: Green; Brand: Unbranded; Department: Unisex Kids; Brake Type: V-Brake (Direct/Linear Pull); Suspension Type: No Suspension; Features: Pegs; Gear Change Mechanism: None; Frame Size: Medium"
"26 Inch Mountain Hybrid Bike 21 Speed, Front Suspension, Disc Brakes, Black/Blue",Â£199.99,https://www.ebay.co.uk/itm/236065645546,"eBay ğŸš´â€â™‚ï¸ 26' Hybrid Mountain Bike â€“ 21-Speed, Front Suspension, Mechanical Disc Brakes â€“ Black/Blue ğŸš´â€â™€ï¸ Upgrade your ride with this stylish and versatile Juhi hybrid mountain bike â€“ perfect for both city commuting and weekend trail adventures. âœ… Features: Wheel Size: 26 inches â€“ ideal for teens and adults Gearing: 21-speed Shimano-style gear system for smooth shifting Brakes: Reliable mechanical disc brakes front and rear Suspension: Front suspension fork to absorb bumps and improve comfort Frame Type: Lightweight steel with low step-through design for easy access Tyres: Durable off-road style tyres with white sidewalls and great grip Extras: Kickstand, reflectors, and ergonomic handlebar grips Condition: Brand new, fully assembled and tested Whether you're riding to work, exploring trails, or cycling for fun, this Juhi bike delivers performance, comfort, and control.","Condition: New: A brand-new, unused, unopened and undamaged item in original retail packaging (where packaging ...; Number of Speeds: 21 Speed; Department: Unisex Adults; Suspension Type: Front; Gear Change Mechanism: Derailleur Gears; Material: Alloy; Brake Type: Disc Brake - Mechanical; Colour: Multicoloured; Wheel Size: 26 in; Shifter Style: Grip Shifter; Handlebar Type: Flat Bar; Brand: BlackBike; Frame Size: 14 inches; Bike Type: Hybrid Bike; Type: Clincher Tyres"
"Road Speed City Bicycle, 700C Wheels Alloy Steel Frame 21-Speed Drop Handlebars",Â£209.99,https://www.ebay.co.uk/itm/235868878960,"eBay 700C Road Racing City Bike â€“ High-Performance Speed & Style!Â  Take your cycling to the next level with thisÂ  700C Road Racing Bike , designed forÂ  speed, stability, and endurance . Whether you're aÂ  commuter, fitness enthusiast, or road racer , thisÂ  lightweight and durable Â bike is built to perform on long rides and urban roads. ğŸÂ  A Perfect Gift for Cyclists! Â Whether for aÂ  birthday, Christmas, or special occasion , this bike makes an excellent gift for cycling lovers looking forÂ  performance and style! Key Features & Benefits ğŸ’ª Alloy Steel Frame Â â€“ Durable yet lightweight for ultimate performance ğŸš´ 21-Speed Drivetrain Â â€“ Smooth and precise gear shifting for all terrains âš¡ Drop Handlebars Â â€“ Provides aerodynamic advantage & comfortable riding position ğŸ›‘ Calliper Brakes with Side Pull Â â€“ EnsuresÂ  reliable stopping power Â in any condition ğŸ› ï¸ Thumb Shifters Â â€“Â  Easy & precise gear changes Â for enhanced control ğŸ›£ï¸ 700C Clincher Tyres Â â€“Â  High-traction wheels Â for speed & stability ğŸ’¡ Reflectors Included Â â€“ ImprovesÂ  visibility & safety Â during night rides ğŸš² Bottle Cages & Kickstand Â â€“ ExtraÂ  convenience for long-distance rides ğŸ›‘ No Suspension Â â€“ Optimized for road efficiency & smooth performance ğŸ“ Size & Rider Suitability âœ”Â  Ideal for taller riders Â â€“Â  Large frame size for extra comfort âœ”Â  Height Range: Â  160 cm â€“ 190 cm (5'3' â€“ 6'3') Looking for a top-tier road bike? Â This is aÂ  perfect choice for enthusiasts and competitive riders !","Condition: New: A brand-new, unused, unopened and undamaged item in original retail packaging (where packaging ...; Handlebar Type: Drop Bar; Wheel Size: 700C; Item Length: 175 cm (69 inches); Number of Speeds: 21 Speed; Colour: Black; Vintage: No; Department: Unisex Adults; Model Year: 2023; Manufacturer Warranty: 2 Years; Item Height: 95 cm (37 inches); Features: Bottle Cage, Gear Case, Kickstand, Lightweight, Reflectors; Item Width: 48 cm (19 inches); Bike Type: Road Bike; Material: Alloy; Brand: Unbranded; Type: Clincher Tyres; Custom-Built: No; Brake Type: Caliper Brake - Side Pull; Suspension Type: No Suspension; Shifter Style: Thumb Shifter; Country/Region of Manufacture: Latvia; Gear Change Mechanism: Derailleur Gears; Item Weight: 26 lb; Frame Size: 54 cm"
Balance Bike Bicycle Super Lightweight for 2-5 Year Old  Adjustable Seat,Â£36.89,https://www.ebay.co.uk/itm/235991155596,"eBay Kids Balance Bike â€“ Lightweight, Durable & Adjustable ğŸš´â€â™‚ï¸ Perfect First Bike for Toddlers & Kids (Ages 2-6)! ğŸš´â€â™€ï¸ âœ… ULTRA-LIGHTWEIGHT & DURABLE â€“ High-quality aluminum alloy frame ensures easy maneuverability for toddlers. Weighs just 2.2 kg, making it one of the lightest balance bikes! âœ… 12â€ AIRLESS TIRES â€“ Puncture-proof EVA foam tires offer a smooth ride on any surface, no maintenance required! âœ… GROWS WITH YOUR CHILD â€“ Adjustable seat & handlebars for a perfect fit as your child grows.Â  âœ… SAFE & COMFORTABLE â€“ Ergonomic soft saddle and non-slip rubber grips for a secure, comfortable ride. âœ… NO-PEDAL DESIGN â€“ Helps kids learn balance & coordination naturally, making the transition to pedal bikes effortless! ğŸ“¦ Brand New in Box -Â Simple assembly process â€“ no special skills required! Takes just 10-15 minutes to put together. ğŸ“¢ Perfect Gift for Birthdays & Christmas! ğŸ","Condition: New: A brand-new, unused, unopened and undamaged item in original retail packaging (where packaging ...; Handlebar Type: Flat Bar; Brand: BlackBike; Wheel Size: 12 in; Type: Polyurethane Tyres; Manufacturer Warranty: 5 Years; Bike Type: Balance Bike; Suspension Type: No Suspension; Features: Adjustable Seat; Material: Aluminium; Item Weight: 5 lpb; Colour: Silver; Frame Size: Small"
Teen Dutch City Bicycle Pink 6-Speed 24inch,Â£169.99,https://www.ebay.co.uk/itm/235926959415,"eBay This is a 6-speed 24-inch girl's Dutch bicycle in pink, designed for city bike riding. It features a cruiser bar handlebar, steel frame, front suspension, V-brake (direct/linear pull) brake type, and tubular tyres. The bike is equipped with mudguards and has a derailleur gears gear change mechanism. This model is the Viking Paloma, suitable for girls in the professional department. Ideal for leisurely rides around the city with a touch of style and functionality. Fully assembledÂ  - j ust put the front wheel in and pedals on so will only require a 15mm spanner to install both of those and turn and tighten the handlebar in place with either hex key or spanner.","Condition: New: A brand-new, unused, unopened and undamaged item in original retail packaging (where packaging ...; Handlebar Type: Cruiser Bar; Wheel Size: 24 in; Bike Type: City Bike; MPN: VN543; Material: Steel; Number of Speeds: 6 Speed; Colour: Pink; Brand: professional; Department: Girls; Type: Tubular Tyres; Brake Type: V-Brake (Direct/Linear Pull); Suspension Type: Front; Model: Viking Paloma; Features: Mudguards; Gear Change Mechanism: Derailleur Gears; Frame Size: 33 cm"
"Kids BMX Bicycle - 20-Inch Wheels, Blue Design, Front & Rear Brake",Â£139.00,https://www.ebay.co.uk/itm/235868878958,"eBay Kids BMX Bike â€“ 20' Wheels, Durable Steel Frame â€“ Perfect for Ages 7-12 Give your child the ultimate riding experience with this Kids BMX Bike, designed for young cycling enthusiasts aged 7 to 12 years. Featuring a vibrant blue design and a strong steel frame, this BMX is built to withstand rough terrains and exciting stunts. Equipped with 20-inch wheels and sturdy tires, it offers excellent grip and stability, making it ideal for both beginners and more experienced riders. Safety is a priority with front and rear caliper brakes for reliable stopping power, while the comfortable saddle ensures a smooth ride. A built-in kickstand adds extra convenience for parking. Perfect for city rides, off-road adventures, or tricks at the skate park, this BMX bike promises endless hours of fun and excitement. Order now and get your child ready for their next big ride!","Condition: New: A brand-new, unused, unopened and undamaged item in original retail packaging (where packaging ...; Handlebar Type: BMX Bar; Wheel Size: 20 in; Bike Type: Kids Bike; Material: Steel; Number of Speeds: 1 Speed; Colour: Blue; Vintage: No; Brand: Unbranded; Department: Unisex Kids; Model Year: 2022; Brake Type: Caliper Brake - Side Pull; Suspension Type: No Suspension; Item Height: 95 cm (37 inches); Gear Change Mechanism: None; Item Weight: 30 lb; Item Width: 60 cm (24 inches); Frame Size: Small"
